date,location,tourist_count,weather_temp,event,season
2023-04-13,London,9523,26.476885381006923,Conference,Winter
2023-04-13,Tokyo,10767,35.79212815507391,Conference,Summer
2023-05-30,Sydney,8542,15.305256140650478,Holiday,Spring
2023-07-11,London,3086,22.419622715660342,None,Winter
2023-08-24,Paris,8314,9.871688796655762,Conference,Winter
2023-07-07,New York,8355,19.755448225059343,Conference,Autumn
2023-11-03,Sydney,9119,-0.2671961573009227,Conference,Winter
2023-12-12,Sydney,6898,27.791926345150046,Holiday,Spring
2023-09-21,New York,3779,28.22544912103189,None,Spring
2023-01-02,Tokyo,6956,-1.7833424682370875,Festival,Autumn
2023-09-27,London,6416,9.909146571348924,Festival,Winter
2023-12-04,Sydney,8419,20.964164790302583,Festival,Autumn
2023-02-10,Sydney,7611,13.230779996940413,None,Summer
2023-03-04,New York,7677,29.30584400771102,None,Summer
2023-09-18,Tokyo,11099,4.918467104525172,Festival,Summer
2023-02-17,Sydney,10296,28.347954192304282,Holiday,Summer
2023-08-15,Sydney,10736,24.677947532631517,Festival,Summer
2023-09-12,New York,7939,16.013616099847987,Conference,Winter
2023-06-28,Paris,5019,29.035324906258424,None,Autumn
2023-08-19,Sydney,10823,36.22920499341374,Conference,Summer
2023-10-11,Tokyo,4683,13.896779826526656,None,Spring
2023-10-11,London,7790,29.62641289999702,Holiday,Autumn
2023-05-08,Tokyo,9744,27.24083251525877,Holiday,Summer
2023-10-10,Paris,5345,-6.551760475634701,None,Autumn
2023-06-14,Paris,9833,24.529363265335093,Festival,Summer
2023-06-09,Paris,4972,19.845166599882212,None,Autumn
2023-09-25,Tokyo,6915,15.582339767739871,None,Summer
2023-08-12,Paris,9974,23.380226588751416,Conference,Winter
2023-08-06,London,9331,6.7812304936656105,Conference,Summer
2023-10-21,Sydney,10190,25.868570938002705,Festival,Autumn
2023-08-28,Paris,8080,39.338398009281185,Holiday,Winter
2023-09-16,London,7048,27.181282798247107,Conference,Autumn
2023-05-27,London,7085,25.363360323820654,Conference,Autumn
2023-05-08,Tokyo,5873,31.692076469526224,None,Autumn
2023-05-31,Tokyo,10526,30.43860610918658,Conference,Summer
2023-03-01,Paris,5781,22.598827942484235,None,Spring
2023-01-09,Paris,10296,25.219415656168977,Conference,Summer
2023-06-01,Paris,8847,22.262882694988747,Holiday,Autumn
2023-08-15,Paris,7473,38.65774511144757,None,Summer
2023-07-27,Sydney,8787,10.253183297726785,Holiday,Winter
2023-10-04,London,8958,28.67229498976444,Holiday,Autumn
2023-05-08,Paris,8146,42.733451580174815,Holiday,Autumn
2023-01-22,Sydney,10872,18.591014455326498,Festival,Summer
2023-10-04,Paris,7965,5.935947328184511,Conference,Autumn
2023-11-13,New York,8190,19.88416680218006,Conference,Autumn
2023-02-15,Sydney,6055,26.061293630990846,Conference,Spring
2023-04-05,New York,4524,17.82543023095976,None,Autumn
2023-06-10,New York,8092,27.101092403639537,Festival,Autumn
2023-02-27,New York,7191,22.30953722945133,Festival,Autumn
2023-12-08,Tokyo,8816,9.745001302798439,Conference,Summer
2023-04-14,Paris,9778,24.497740384887337,Conference,Winter
2023-06-19,Tokyo,13852,25.15047686306048,Festival,Summer
2023-06-22,London,8651,29.540017634932024,Holiday,Winter
2023-05-23,London,7324,38.89547656126583,Festival,Spring
2023-02-20,Paris,8595,15.872383868098936,Conference,Spring
2023-06-19,New York,5128,35.60380141132879,None,Autumn
2023-04-18,Sydney,10438,16.08598187918168,Holiday,Summer
2023-12-16,New York,10186,-0.2514258665760707,Holiday,Summer
2023-05-25,New York,9661,12.281809222432448,Festival,Autumn
2023-02-27,Tokyo,6387,23.177670324371185,Conference,Winter
2023-02-17,Paris,6651,23.772962654604093,None,Autumn
2023-10-05,Sydney,8720,12.692585967703465,Conference,Summer
2023-03-27,Paris,8599,26.990923818599892,Festival,Winter
2023-04-10,Paris,8139,15.799525353724839,Festival,Spring
2023-09-03,Sydney,8755,20.018136111946763,Festival,Autumn
2023-11-21,Sydney,7399,21.990596955734702,Holiday,Autumn
2023-06-09,New York,9808,27.491056769643237,Holiday,Autumn
2023-02-02,Paris,9136,24.46289348001918,Conference,Winter
2023-03-06,Paris,7131,13.310251726833151,Festival,Autumn
2023-01-12,Tokyo,9116,4.562745973081039,Conference,Winter
2023-03-31,Sydney,7644,13.77762835093721,Festival,Spring
2023-04-24,Sydney,6494,19.099213668197933,None,Summer
2023-09-06,London,5610,27.47293605123262,None,Spring
2023-06-26,New York,7408,32.77664895788425,Holiday,Autumn
2023-06-01,Sydney,5857,31.443715354746836,None,Autumn
2023-12-21,Paris,8253,16.740268590185114,None,Spring
2023-08-05,Sydney,9869,23.241663524884423,Conference,Summer
2023-02-21,New York,10143,31.235417816915167,Conference,Spring
2023-02-22,Paris,8675,23.24518316374555,None,Summer
2023-11-27,Tokyo,10496,28.889842942771534,Holiday,Summer
2023-09-10,Sydney,7766,28.862019661293758,Festival,Autumn
2023-07-13,Sydney,3538,24.455069012813844,None,Winter
2023-12-31,Paris,7812,22.89882811537126,Holiday,Spring
2023-10-28,London,9860,18.36134736537032,Festival,Autumn
2023-12-30,New York,6124,12.756662046529005,Festival,Spring
2023-06-22,Sydney,8471,35.9015771901085,Holiday,Spring
2023-11-13,Paris,7761,8.95778211452867,None,Summer
2023-07-10,London,5457,16.56798763368832,None,Winter
2023-05-14,Tokyo,5983,20.69652664518879,None,Autumn
2023-07-22,London,8054,24.736273877275647,Holiday,Winter
2023-02-16,Paris,9525,11.027636686386943,Festival,Winter
2023-01-12,Tokyo,8976,18.890680643704897,Holiday,Autumn
2023-06-05,Sydney,6644,18.422760417458967,Festival,Autumn
2023-07-05,London,8362,0.8729348293578099,Holiday,Spring
2023-07-31,Sydney,9476,27.419630165294652,Holiday,Autumn
2023-01-10,Tokyo,5830,16.90256896517395,None,Summer
2023-03-06,Tokyo,6902,22.954775244231833,Conference,Autumn
2023-03-04,Paris,8278,22.756351578874078,Conference,Spring
2023-04-08,Paris,9944,18.913713359111444,Conference,Summer
2023-01-06,London,5312,35.16233322933896,None,Winter
2023-06-14,Tokyo,6400,16.869762917835594,Conference,Spring
2023-01-01,New York,4742,23.331732948398244,None,Winter
2023-10-15,Tokyo,7251,23.323140119795916,Conference,Autumn
2023-06-11,New York,11153,21.699729029073083,Festival,Summer
2023-08-10,New York,6368,26.453759495851475,None,Winter
2023-03-07,New York,8241,30.58424486849588,Conference,Summer
2023-10-13,New York,11718,23.601690021355154,Conference,Summer
2023-12-01,London,8227,39.05907236926994,Conference,Spring
2023-10-12,London,8586,24.607370675639192,Holiday,Spring
2023-12-06,Sydney,7910,-0.6744210003987661,Festival,Spring
2023-08-23,New York,7060,23.665982460968483,Conference,Autumn
2023-12-26,London,5955,19.37320902726828,None,Autumn
2023-04-03,Tokyo,7471,26.161066540197496,Festival,Winter
2023-04-02,Tokyo,7808,5.65911130767476,Festival,Winter
2023-02-03,Paris,8042,18.980504875201436,Festival,Spring
2023-09-06,Paris,8041,7.739469958018974,Conference,Spring
2023-02-17,Sydney,8035,21.781284257610643,Festival,Winter
2023-10-30,Tokyo,8252,37.80729438145222,Conference,Autumn
2023-06-03,New York,8311,25.765569630557664,Conference,Autumn
2023-08-26,New York,9044,18.720824085192334,Holiday,Summer
2023-08-15,New York,8577,12.436492547156966,Holiday,Summer
2023-07-21,Paris,7124,20.752659459291877,Conference,Winter
2023-01-25,Paris,7608,-1.7668138927218244,Holiday,Winter
2023-08-21,Sydney,8555,35.62813566208111,Conference,Spring
2023-04-21,Paris,6864,4.769237611196468,Conference,Autumn
2023-06-29,Tokyo,6362,19.88772556620362,Festival,Autumn
2023-08-17,Paris,4512,13.493574308781731,None,Winter
2023-11-27,Paris,10684,-5.027595216622153,Conference,Summer
2023-02-05,Tokyo,8451,19.912094436966445,Holiday,Autumn
2023-03-03,Paris,10616,2.538384413388087,Conference,Spring
2023-06-22,London,7185,26.405820069491515,Festival,Winter
2023-05-20,Paris,6338,26.38592458777374,Festival,Spring
2023-05-19,London,9241,2.704199069908544,Conference,Winter
2023-01-10,Sydney,10760,13.980313211036155,Festival,Summer
2023-04-11,Paris,7433,12.76660917548766,None,Winter
2023-04-04,Paris,9505,14.402580252717279,Festival,Winter
2023-05-17,Tokyo,7844,20.865897874729,Conference,Autumn
2023-03-01,Sydney,8588,14.054839472757507,Conference,Autumn
2023-10-13,New York,6034,25.434831529637776,None,Winter
2023-03-03,London,5824,37.09292494729622,None,Winter
2023-11-24,New York,9510,-3.2635171349977696,Festival,Winter
2023-06-02,Paris,5788,28.29405581183489,Conference,Winter
2023-04-14,New York,9235,1.3264817363089065,Conference,Summer
2023-06-28,Tokyo,9247,25.093781163361058,Holiday,Autumn
2023-08-19,New York,4150,15.406391004597559,None,Autumn
2023-10-16,London,8333,24.789798257463918,Festival,Spring
2023-12-19,Sydney,9555,32.86974963849594,Conference,Summer
2023-09-18,Sydney,10973,29.638503187153617,Holiday,Summer
2023-04-05,New York,10280,3.677819205714812,Holiday,Summer
2023-03-10,London,10835,21.705942035808633,Festival,Summer
2023-07-19,Tokyo,6874,22.799686263198204,Conference,Spring
2023-07-29,Paris,9564,26.433539310540702,Conference,Winter
2023-12-22,London,9301,13.973521946946846,Holiday,Winter
2023-02-20,Sydney,7529,16.70726292944182,Holiday,Spring
2023-12-12,London,8523,45.386911017374864,Conference,Spring
2023-05-29,Paris,4369,26.16215816968061,None,Winter
2023-06-03,Paris,9752,30.517834670159,Conference,Summer
2023-10-21,Tokyo,9961,28.405272502515565,Festival,Summer
2023-05-08,New York,10312,18.09088508611657,Holiday,Summer
2023-01-25,London,5696,17.69065469791322,None,Spring
2023-03-04,New York,6893,17.311113094451695,Festival,Spring
2023-03-04,Sydney,3882,9.3974172605388,None,Autumn
2023-08-03,New York,10155,18.851559805169767,Holiday,Summer
2023-10-12,Paris,3892,45.699268396903335,None,Winter
2023-01-18,Paris,5340,33.88582269040288,Conference,Spring
2023-04-23,Tokyo,8238,16.434679100559233,Festival,Spring
2023-09-21,Sydney,10921,11.713419636622055,Conference,Summer
2023-06-11,London,9024,17.43182972074268,Conference,Winter
2023-11-09,New York,7869,20.987457776373347,Conference,Autumn
2023-03-08,New York,7770,16.493184721212128,Holiday,Winter
2023-04-06,New York,7099,3.067338252902104,Holiday,Autumn
2023-01-07,Tokyo,5748,23.26133022242118,None,Summer
2023-07-07,Tokyo,6049,14.772769794809605,None,Spring
2023-08-22,Tokyo,9329,31.852102915108894,Conference,Summer
2023-08-14,Sydney,7969,29.718226901727355,Conference,Autumn
2023-05-08,Paris,8087,37.014292435261716,Conference,Spring
2023-08-25,Paris,6816,21.70865438127942,None,Summer
2023-01-04,Tokyo,4221,14.602403196906385,None,Spring
2023-03-16,Tokyo,6359,19.91763432937922,None,Autumn
2023-02-03,Paris,4979,38.10950266331943,None,Winter
2023-04-27,Tokyo,4090,11.012000917575358,None,Spring
2023-08-07,Tokyo,5510,9.962421084366293,None,Autumn
2023-06-22,Paris,2630,23.836139538167707,None,Spring
2023-03-05,Tokyo,8198,16.519869137031613,Festival,Autumn
2023-10-19,New York,4201,4.759847582729698,None,Spring
2023-06-13,Paris,10132,25.410018726036288,Conference,Summer
2023-02-24,Sydney,3280,22.977602509183974,None,Autumn
2023-08-15,London,6903,45.60084538268795,None,Summer
2023-07-20,Tokyo,3670,7.319784883569318,None,Spring
2023-05-09,Paris,10302,10.553093124635698,Conference,Winter
2023-10-18,New York,4405,29.85722716823564,None,Spring
2023-11-01,Sydney,9945,22.17507905693561,Festival,Winter
2023-01-12,New York,9080,25.597904479310397,Conference,Autumn
2023-07-17,Paris,6028,33.5484517237325,None,Spring
2023-12-31,Tokyo,10207,24.296182191325858,Holiday,Summer
2023-10-09,Sydney,7638,12.670598812211239,Festival,Spring
2023-01-07,Paris,9036,18.039973687576687,Holiday,Summer
2023-03-23,London,9483,29.382838059759976,Conference,Summer
2023-09-30,New York,7949,30.18886995222481,Holiday,Autumn
2023-06-20,Tokyo,9560,18.13128355838641,Conference,Summer
2023-01-04,Sydney,6713,21.452962397410396,None,Spring
2023-04-18,Tokyo,11065,20.822839892754242,Conference,Summer
2023-04-06,New York,9349,45.97704643234384,Conference,Summer
2023-08-24,Paris,6241,3.1817967486677077,Festival,Spring
2023-03-06,Paris,6081,6.555494889657229,None,Summer
2023-11-20,Tokyo,5234,19.653151126132187,None,Spring
2023-11-01,Paris,7786,29.843223984765835,Holiday,Autumn
2023-10-29,New York,4340,18.508108402412812,None,Spring
2023-12-15,Sydney,6895,15.841326585882154,None,Summer
2023-09-16,Sydney,6826,16.266007316234305,Festival,Winter
2023-06-27,Tokyo,4623,23.436185895352175,None,Spring
2023-09-26,Sydney,8795,35.47505201330061,None,Summer
2023-04-08,New York,7612,13.872113095156138,Holiday,Winter
2023-05-17,New York,8334,22.85865390724905,Festival,Winter
2023-02-09,Paris,7201,18.230527725059506,Conference,Winter
2023-02-07,New York,7991,11.59091201952145,Holiday,Winter
2023-11-12,Sydney,6030,20.432716947442902,None,Autumn
2023-04-25,Tokyo,12016,25.4466744431839,Holiday,Summer
2023-08-25,Paris,9108,25.906548306923092,Holiday,Spring
2023-12-19,New York,10507,28.20482181197364,Holiday,Summer
2023-12-11,Sydney,8648,33.82158991037527,Holiday,Spring
2023-01-07,Sydney,7146,18.328819196831457,None,Summer
2023-12-29,Sydney,7606,23.686733088729014,Conference,Spring
2023-07-25,Sydney,8046,21.910990680199035,Holiday,Winter
2023-01-17,Tokyo,8213,34.95133745517411,Holiday,Autumn
2023-11-22,New York,8047,25.380223547968438,Conference,Spring
2023-11-15,London,8408,21.75545829890508,Conference,Autumn
2023-08-30,London,10174,16.370427210312926,Holiday,Summer
2023-07-12,Tokyo,9910,14.134519114786569,Conference,Autumn
2023-09-08,New York,4831,13.70928027930571,None,Autumn
2023-02-02,New York,9951,26.78299411192041,Festival,Summer
2023-04-09,Sydney,8107,32.98659734164335,Conference,Winter
2023-03-16,London,8731,12.765631858931748,Festival,Autumn
2023-01-27,New York,6853,17.775872215444345,Festival,Winter
2023-01-21,Sydney,9308,4.744748290752611,Holiday,Summer
2023-09-14,Tokyo,7330,12.89128069588759,Festival,Autumn
2023-11-16,Paris,7657,29.50502755282625,Holiday,Winter
2023-07-27,New York,7769,22.69669357397071,Holiday,Autumn
2023-11-05,New York,9329,26.42722759867544,Festival,Spring
2023-06-30,London,6658,18.383742545375288,Conference,Spring
2023-08-10,Paris,6420,23.655067348266925,Holiday,Spring
2023-11-15,Sydney,8995,13.653949647066433,Festival,Winter
2023-07-24,Paris,4311,18.269651213030823,None,Autumn
2023-04-05,New York,5478,23.72131391093161,None,Winter
2023-09-24,New York,3841,19.963974609094315,None,Autumn
2023-03-27,London,5026,17.79035826170336,None,Autumn
2023-12-19,Tokyo,6075,15.288918276973007,None,Winter
2023-04-13,Tokyo,7021,26.32116101268378,Conference,Spring
2023-05-23,Tokyo,8132,23.518910679064362,Conference,Spring
2023-11-13,New York,11383,37.01696208533461,Festival,Summer
2023-08-11,Paris,8681,23.932631513836775,Holiday,Spring
2023-11-14,London,8950,21.14533366215464,Conference,Spring
2023-11-10,Tokyo,9539,36.85648301419165,Conference,Summer
2023-01-12,London,5424,16.7965269180568,None,Winter
2023-02-24,London,9042,18.139434948571193,Holiday,Winter
2023-10-15,New York,6002,25.059911099595347,Festival,Autumn
2023-02-28,New York,7525,6.303018203149332,Festival,Autumn
2023-07-26,Paris,9725,31.31252790397738,Holiday,Summer
2023-10-20,London,9580,20.28596776718344,Holiday,Autumn
2023-02-19,Paris,10076,15.905447550217955,Holiday,Summer
2023-12-20,London,8883,18.273727000591805,Conference,Spring
2023-08-31,New York,6451,7.227795340769168,Festival,Spring
2023-01-18,Sydney,6314,24.016255054914733,None,Summer
2023-08-28,Tokyo,9172,19.744459290085548,Festival,Autumn
2023-11-14,London,9804,35.42255946048499,Conference,Winter
2023-03-25,Tokyo,11073,6.749235290639529,Festival,Summer
2023-01-28,Tokyo,6906,20.168850584198953,None,Summer
2023-06-13,Sydney,9700,24.331447692319088,Conference,Summer
2023-04-28,Tokyo,8424,11.13001939270466,Festival,Winter
2023-05-13,London,6487,7.034982325191709,Conference,Autumn
2023-04-17,Sydney,7177,34.9468857536438,None,Summer
2023-04-30,London,9089,21.73908041656505,Holiday,Autumn
2023-09-08,Sydney,8629,7.626583545529538,Festival,Autumn
2023-09-02,New York,5009,14.112364637932043,None,Winter
2023-10-03,Sydney,8503,4.555355063935325,Holiday,Spring
2023-06-27,London,8505,12.67315808742381,Holiday,Spring
2023-12-07,Paris,9406,15.415630598130823,Holiday,Summer
2023-03-27,Tokyo,8196,19.483715277077305,Conference,Winter
2023-04-24,Tokyo,9050,22.010990467149675,Festival,Winter
2023-03-17,New York,6187,31.05525932957984,None,Autumn
2023-05-27,Sydney,5943,1.4905964210473215,None,Autumn
2023-07-11,Paris,4492,17.380335636814472,None,Winter
2023-11-20,Tokyo,6772,31.894704889246405,Festival,Winter
2023-03-23,Sydney,7738,32.89756528375374,Conference,Winter
2023-12-10,Paris,9586,33.38115216447681,Conference,Winter
2023-05-23,Sydney,11111,42.12191309384686,Holiday,Summer
2023-08-12,Paris,9767,20.416890371319415,Holiday,Summer
2023-04-20,Tokyo,8033,51.41966977287799,Festival,Spring
2023-11-24,Tokyo,6354,6.10427533236404,Holiday,Spring
2023-10-20,London,5814,30.224409523938107,Conference,Autumn
2023-10-29,Tokyo,8086,33.18764615727194,Conference,Autumn
2023-04-17,Sydney,7937,21.042011039518762,Conference,Autumn
2023-09-28,London,4719,12.460354111333238,None,Winter
2023-02-21,New York,8978,44.557761995625555,Conference,Winter
2023-04-16,London,7933,23.162000762045608,Festival,Spring
2023-03-31,Paris,8513,14.596778168625118,Conference,Spring
2023-11-08,Paris,4924,33.97414703060372,None,Spring
2023-06-21,Sydney,8543,21.22297503032284,Conference,Spring
2023-04-28,Sydney,7337,12.980083121932447,Holiday,Spring
2023-01-10,Tokyo,5265,21.76511276162745,None,Winter
2023-02-18,Tokyo,6087,30.69850498701039,None,Summer
2023-04-10,London,10681,25.866782085300805,Festival,Summer
2023-08-30,Sydney,7413,26.337768809320984,None,Summer
2023-04-29,Sydney,7852,20.438114719791095,Festival,Winter
2023-06-09,New York,3314,34.59493603383521,None,Spring
2023-09-11,Paris,7227,24.145418143797883,Holiday,Spring
2023-11-19,Tokyo,6104,29.763839534621027,None,Spring
2023-10-07,London,9045,3.509176660657772,Conference,Spring
2023-10-15,Sydney,6985,14.183190860513562,Holiday,Spring
2023-03-11,Paris,9785,32.38549954911933,Holiday,Summer
2023-01-05,London,10108,30.310629139880533,Holiday,Summer
2023-02-19,New York,6766,8.27396743138684,Holiday,Spring
2023-11-22,Tokyo,11946,26.949979007768746,Holiday,Summer
2023-12-20,London,8076,25.583269125217225,Festival,Autumn
2023-11-29,Sydney,8586,21.69360824036078,Conference,Summer
2023-06-07,Paris,10383,19.79981100655571,Holiday,Summer
2023-01-30,Sydney,10764,28.653169020203798,Holiday,Summer
2023-11-17,Paris,4603,17.63419649270859,None,Spring
2023-08-19,Paris,8024,7.6183722519443275,Holiday,Winter
2023-05-22,London,6668,12.140105394920505,Conference,Winter
2023-12-07,Tokyo,7507,1.6379462689670348,None,Summer
2023-06-29,Tokyo,8031,28.363237229955516,Festival,Autumn
2023-05-23,London,7901,20.81829358547565,Holiday,Winter
2023-10-18,Tokyo,8599,25.684410062561547,Festival,Spring
2023-01-14,Paris,7120,27.12271489505878,None,Summer
2023-10-08,Sydney,5817,19.749730412548562,None,Spring
2023-04-20,Sydney,8351,12.00461078767316,Conference,Autumn
2023-01-25,London,8301,15.879275443162104,Holiday,Winter
2023-04-02,Sydney,10632,16.26172605950568,Festival,Summer
2023-06-09,Sydney,11256,3.435671348288494,Festival,Summer
2023-10-14,New York,7398,14.373997183463077,Conference,Winter
2023-09-24,Tokyo,7589,14.363509725736574,Conference,Winter
2023-11-25,London,7372,23.02449714360124,Festival,Spring
2023-09-09,Paris,8912,4.657013736155415,Holiday,Autumn
2023-11-04,London,7791,9.560271600017419,Festival,Autumn
2023-04-26,Sydney,12699,0.5601257051486712,Conference,Summer
2023-08-17,Sydney,4825,19.701095260977002,None,Spring
2023-08-07,Sydney,7203,28.63100226170631,Festival,Spring
2023-11-10,Sydney,5579,19.846901508270044,None,Winter
2023-07-07,New York,6959,8.069400450897637,None,Summer
2023-02-21,London,9205,24.428063810209153,Holiday,Spring
2023-02-11,Sydney,5166,24.65045461015182,None,Spring
2023-05-10,London,4833,23.25176796529064,None,Autumn
2023-08-20,Sydney,7902,-4.317135712621479,Conference,Autumn
2023-08-02,Paris,6246,20.320041490657665,None,Summer
2023-03-10,London,8090,17.710171385097535,Conference,Winter
2023-03-28,New York,5094,18.769860766430895,None,Winter
2023-01-17,Sydney,2728,12.308847765576104,None,Autumn
2023-08-16,New York,6221,9.233390654756704,Conference,Autumn
2023-09-18,Tokyo,7243,29.960476858058165,Conference,Spring
2023-11-25,Tokyo,9882,17.886639144490076,Festival,Summer
2023-08-05,Tokyo,10686,16.914503983262126,Festival,Summer
2023-06-13,London,8984,19.63223694304552,Holiday,Summer
2023-06-09,London,8201,11.709625416467922,Conference,Spring
2023-11-11,London,4239,14.885494444497688,None,Spring
2023-08-01,London,8815,23.074066978091007,Conference,Autumn
2023-05-02,Paris,5688,41.289465557456,None,Autumn
2023-05-29,London,7200,31.247986445931915,Conference,Autumn
2023-12-11,London,4914,19.056282499646187,None,Winter
2023-10-10,Tokyo,10021,32.38283071433636,Conference,Summer
2023-10-05,New York,6435,26.600105931171182,None,Winter
2023-04-28,New York,6143,21.62669998997532,None,Summer
2023-10-08,Sydney,9980,17.495319610080895,Holiday,Summer
2023-05-09,London,7577,32.87982473801938,Conference,Winter
2023-01-10,Sydney,8444,8.041169379648156,Festival,Autumn
2023-04-22,Sydney,8083,31.968949518024157,Holiday,Winter
2023-11-10,London,6893,5.50143434519094,Festival,Winter
2023-08-31,New York,5905,11.828145333910046,Festival,Winter
2023-01-20,Tokyo,9457,3.011508001963545,Festival,Autumn
2023-11-06,Sydney,7588,16.06018636697579,Festival,Spring
2023-01-20,Paris,9703,42.142515234622756,Conference,Summer
2023-08-04,Sydney,9886,38.61315597236394,Festival,Autumn
2023-09-11,Tokyo,8065,16.936465392286905,Festival,Spring
2023-11-01,New York,7350,31.159020533653614,Holiday,Spring
2023-04-27,London,7806,8.58310885866495,Conference,Autumn
2023-07-02,Paris,6878,19.17319314157301,None,Summer
2023-09-08,London,11854,9.75813175670795,Conference,Summer
2023-09-17,London,7040,17.73515901150168,Conference,Autumn
2023-03-19,London,11543,38.84586305934609,Conference,Summer
2023-03-02,Tokyo,8771,14.722231357540608,Conference,Spring
2023-12-03,New York,7805,30.329639471528058,Conference,Winter
2023-12-15,Sydney,4897,26.938557630079217,None,Autumn
2023-12-22,Tokyo,9772,19.724850949493636,Festival,Autumn
2023-05-09,Paris,7000,17.25771642945469,Festival,Autumn
2023-03-25,Paris,4107,10.236247287166284,None,Autumn
2023-06-12,London,8245,19.334714824479672,Holiday,Spring
2023-04-16,Paris,7252,19.78632705651564,Festival,Winter
2023-07-03,New York,8884,-4.242402602729417,Festival,Autumn
2023-01-07,Tokyo,8138,9.368909633505357,Holiday,Autumn
2023-07-18,Sydney,7470,4.374541431134574,Festival,Spring
2023-11-09,Sydney,3745,27.94264679621827,None,Spring
2023-08-06,Sydney,4964,24.664299824335263,None,Autumn
2023-06-10,Tokyo,7835,11.768819386519203,Holiday,Winter
2023-03-27,Paris,8152,17.04458759853451,Holiday,Winter
2023-03-27,Paris,7170,19.173522149618112,Festival,Winter
2023-03-06,Tokyo,7010,15.516197809461177,None,Winter
2023-05-05,London,8057,33.97226422558763,Conference,Autumn
2023-05-18,New York,8602,13.715151361039533,Conference,Autumn
2023-10-04,London,8808,27.954382526692875,Conference,Spring
2023-05-23,Sydney,9311,15.0250134159486,Festival,Summer
2023-06-17,Tokyo,10018,38.28593613064997,Festival,Autumn
2023-09-05,New York,11193,18.195200864093742,Holiday,Autumn
2023-09-19,London,6794,11.866453522110824,None,Summer
2023-07-16,New York,9292,32.706310606582235,Holiday,Summer
2023-03-26,Paris,10852,20.678555105274032,Conference,Summer
2023-02-11,London,9029,13.56450167682538,Festival,Autumn
2023-12-31,New York,8716,20.273227608641733,Festival,Summer
2023-08-08,Paris,9205,33.560781468067084,Holiday,Summer
2023-06-25,New York,9142,11.406597163006893,Holiday,Winter
2023-05-09,Sydney,8432,31.48733482929439,None,Summer
2023-09-17,London,7744,8.109887176199654,Festival,Spring
2023-10-10,Sydney,8223,37.92922591330873,Conference,Winter
2023-06-03,Sydney,5990,7.412683507369893,None,Summer
2023-05-14,New York,9083,6.72063486231548,Holiday,Autumn
2023-08-04,Tokyo,9042,20.697792134987978,Conference,Spring
2023-10-04,London,7633,17.610679008303055,Festival,Autumn
2023-06-29,Tokyo,7677,36.15375689469442,Conference,Winter
2023-10-06,Paris,7975,24.037300903366095,Holiday,Winter
2023-10-16,London,7324,16.82426801176262,Holiday,Winter
2023-09-05,London,8993,24.695591693529273,Conference,Summer
2023-01-01,New York,8125,0.6388468632137858,Festival,Autumn
2023-07-10,Sydney,5683,30.28682610696392,None,Summer
2023-05-22,London,5667,27.23610587228875,None,Autumn
2023-11-29,Tokyo,5861,16.206700801616712,None,Summer
2023-02-15,London,6986,17.61721539300417,Holiday,Winter
2023-11-30,New York,5421,17.781390962046938,None,Autumn
2023-03-24,New York,10495,28.434143093959996,Festival,Summer
2023-06-22,Paris,10808,14.64036554885952,Holiday,Summer
2023-04-30,Sydney,7650,17.765340176281477,Holiday,Winter
2023-11-16,Paris,6383,27.9994190194205,Holiday,Autumn
2023-08-15,Paris,11710,29.503075919735757,Festival,Summer
2023-04-30,Sydney,3307,14.418906422940442,None,Spring
2023-09-24,Tokyo,8786,7.740666350157973,Conference,Winter
2023-12-23,New York,6709,21.815868459487902,None,Autumn
2023-11-20,New York,9001,21.895816165987434,Festival,Winter
2023-10-28,London,7890,8.795773400883832,Holiday,Spring
2023-05-27,Tokyo,4728,34.32170143524633,None,Autumn
2023-06-28,London,9497,16.37262086515552,Conference,Summer
2023-03-17,Sydney,9069,11.04001193185498,Festival,Summer
2023-12-13,Paris,8194,13.77350638265548,Holiday,Winter
2023-06-02,Tokyo,4962,13.882309090947146,None,Winter
2023-05-16,New York,7916,5.936825363281661,Festival,Autumn
2023-10-18,Sydney,10363,29.626689195855317,Holiday,Autumn
2023-02-18,Paris,7422,30.844795830730707,Holiday,Spring
2023-07-11,Tokyo,10671,18.398672044333598,Festival,Summer
2023-02-06,Paris,4203,16.809460643333818,None,Winter
2023-07-02,Paris,7113,17.064611578424334,None,Summer
2023-11-29,Sydney,6415,1.9686032374405507,Holiday,Winter
2023-04-19,London,7021,30.519504058282656,Holiday,Winter
2023-09-07,Sydney,5146,15.169389483165606,None,Autumn
2023-08-03,Paris,10342,12.917115373983368,Holiday,Summer
2023-06-10,London,4012,17.888697611723057,None,Spring
2023-03-25,Paris,7349,17.751440181919214,Holiday,Winter
2023-09-15,Sydney,6266,31.761751052399198,Festival,Winter
2023-09-23,Tokyo,8925,24.516327016495964,Festival,Summer
2023-04-27,Tokyo,8917,25.587697845606268,Festival,Winter
2023-09-25,New York,6231,18.138776522478302,None,Summer
2023-12-23,Sydney,3514,18.253621481900698,None,Spring
2023-10-21,London,9083,17.04023156594266,Festival,Winter
2023-03-14,Sydney,8464,5.90306230466533,Festival,Spring
2023-10-15,New York,10457,34.960072127171784,Holiday,Summer
2023-01-23,New York,6337,33.043402428781526,Holiday,Autumn
2023-04-10,London,7589,9.090335697848017,Holiday,Winter
2023-01-07,London,5884,22.27653282631304,Holiday,Winter
2023-05-06,New York,6615,29.648516330974577,None,Winter
2023-06-25,London,8141,10.618226245722944,Holiday,Autumn
2023-04-23,Sydney,5097,8.852522926751107,None,Spring
2023-06-03,New York,8736,18.514724476383673,Festival,Spring
2023-02-20,Tokyo,6821,19.594281732548247,Conference,Spring
2023-05-02,Sydney,5713,15.25226354516292,Festival,Winter
2023-05-14,London,8094,11.379501185955064,Holiday,Spring
2023-02-28,London,5397,19.816965159785106,None,Winter
2023-06-11,Sydney,6227,17.808439802869383,None,Spring
2023-02-11,Tokyo,4134,7.38545166344891,None,Autumn
2023-10-27,New York,8175,29.614216853675426,Holiday,Summer
2023-10-07,Sydney,9334,17.94712908511899,None,Summer
2023-09-30,New York,9958,31.00959634998571,Festival,Autumn
2023-09-07,New York,7894,15.346895432199467,Conference,Winter
2023-05-25,Sydney,8467,22.537396614945735,Festival,Autumn
2023-06-22,London,6629,23.26798909889781,None,Spring
2023-01-05,Paris,7962,14.764556187131427,Holiday,Autumn
2023-03-11,Paris,10028,10.906352303593872,Conference,Summer
2023-11-04,Tokyo,8956,46.73510970396478,Festival,Autumn
2023-07-22,Paris,10306,25.363913722844593,Festival,Summer
2023-08-07,Tokyo,9695,35.17520109063872,Conference,Autumn
2023-12-31,New York,7795,31.658060192083855,Conference,Autumn
2023-12-18,New York,10789,28.854589589003382,Festival,Summer
2023-01-22,Sydney,9079,20.790000836110625,Conference,Spring
2023-11-16,Sydney,8862,13.732827754100349,Holiday,Autumn
2023-07-03,Paris,6560,32.09266110968739,Conference,Spring
2023-02-06,Sydney,9182,26.971028559082725,Holiday,Autumn
2023-05-07,Paris,8211,12.329454934293235,Conference,Autumn
2023-09-22,Tokyo,6367,3.5973336077468403,Festival,Spring
2023-12-24,New York,9865,21.067871934741735,Holiday,Summer
2023-06-22,Tokyo,5336,12.840831492414672,None,Winter
2023-06-11,Tokyo,7928,8.339911109247748,Holiday,Autumn
2023-01-13,London,7242,4.073989156563915,Conference,Spring
2023-04-30,New York,5279,31.502960263013936,None,Spring
2023-08-21,Sydney,3617,15.935377787706384,None,Winter
2023-10-08,Paris,11089,18.63216725030571,Conference,Summer
2023-02-23,London,9800,-5.234874702078773,Holiday,Autumn
2023-02-22,London,8889,12.611971312697783,Conference,Winter
2023-04-29,Tokyo,8152,14.759116020654075,Holiday,Spring
2023-07-23,Paris,6990,20.00207064918197,None,Summer
2023-06-03,Tokyo,8155,16.72105283487082,Festival,Autumn
2023-11-02,Paris,3947,21.849008169289768,None,Spring
2023-06-11,London,6810,1.2043937198997803,Holiday,Autumn
2023-02-25,London,7110,27.380803749096508,None,Summer
2023-08-05,Tokyo,9639,25.500950570276945,Conference,Summer
2023-04-11,Paris,7196,23.82254939144919,Holiday,Autumn
2023-10-08,Paris,9203,26.157711497711418,Holiday,Winter
2023-10-25,Paris,8601,20.005279588565973,Festival,Winter
2023-02-10,New York,8779,14.494631505084165,Holiday,Summer
2023-08-24,Paris,9452,15.467515909769865,Conference,Autumn
2023-04-10,Tokyo,7103,16.294094769275482,None,Autumn
2023-04-10,Sydney,6566,19.015610138443677,None,Summer
2023-09-21,London,6631,30.751759356684584,Conference,Spring
2023-05-29,London,7851,21.922929781418958,Festival,Autumn
2023-09-09,New York,7119,2.5615188336710233,None,Summer
2023-02-22,Tokyo,3866,4.746809097665443,None,Spring
2023-12-03,London,7724,26.590313488724032,Festival,Spring
2023-01-24,Sydney,7547,20.224658928120462,None,Summer
2023-08-18,Paris,8718,27.15381315441244,Conference,Autumn
2023-04-14,London,8591,26.728612359668197,Holiday,Spring
2023-06-11,Sydney,9549,21.018562952619867,Conference,Spring
2023-09-01,Paris,8050,21.647608412365166,Holiday,Spring
2023-04-21,New York,8243,21.733416643704082,Holiday,Winter
2023-08-05,Sydney,7820,16.041712192683377,Conference,Spring
2023-06-06,Tokyo,7957,12.931428659398035,Holiday,Spring
2023-08-06,London,8230,20.208864882959617,Holiday,Spring
2023-05-23,London,4133,26.62481060164516,None,Spring
2023-07-18,Tokyo,8864,15.395933843607578,Festival,Winter
2023-12-05,New York,5060,29.034490360911,None,Winter
2023-12-17,London,9101,32.431834372143584,Conference,Summer
2023-02-26,Paris,8198,24.496090300718297,Festival,Spring
2023-03-25,London,7456,18.992617545939947,Conference,Winter
2023-08-14,Sydney,5411,21.076950056467826,None,Spring
2023-03-03,Tokyo,6685,18.298203334934485,Festival,Spring
2023-01-03,Sydney,8687,23.01619247953597,Holiday,Autumn
2023-07-28,New York,8588,15.70755579701338,Festival,Winter
2023-03-11,Paris,8462,4.018756481162525,Holiday,Autumn
2023-03-30,Tokyo,9338,21.897061676103956,Conference,Summer
2023-06-03,London,9316,11.775684227451372,Conference,Autumn
2023-09-30,New York,6682,30.499842925713832,None,Summer
2023-12-18,London,11175,33.924721629425726,Festival,Summer
2023-07-06,London,9562,19.936484432271314,Festival,Autumn
2023-05-17,Sydney,7792,26.184883804564755,Holiday,Spring
2023-09-12,New York,8468,15.100498448394653,Holiday,Winter
2023-02-24,New York,3543,14.427196996372993,None,Spring
2023-12-30,Sydney,6536,54.958777896000996,Festival,Winter
2023-11-23,Paris,9327,19.15437000856192,Holiday,Summer
2023-12-12,Paris,3420,24.064774772384183,None,Spring
2023-04-01,Tokyo,4402,12.899188809595625,None,Autumn
2023-12-31,London,8032,4.737290032777878,Conference,Autumn
2023-04-15,Sydney,4810,22.139038682014817,None,Spring
2023-08-25,Paris,9983,4.597523679689232,Holiday,Winter
2023-05-29,New York,8173,18.182247241170668,Festival,Autumn
2023-07-18,Tokyo,4594,34.11050901059224,None,Autumn
2023-12-28,London,8674,24.090280537426374,Festival,Summer
2023-02-10,New York,7683,20.92179509636487,Conference,Autumn
2023-11-20,Tokyo,10198,-6.0421385662713405,Conference,Summer
2023-10-07,New York,6928,32.35782191822154,Conference,Autumn
2023-01-24,Tokyo,9247,-9.24925179196677,Conference,Autumn
2023-06-30,London,4441,26.902368003802724,None,Summer
2023-12-23,Paris,6976,12.6848659610367,Holiday,Spring
2023-11-13,London,10820,32.1737356975163,Holiday,Summer
2023-12-09,Tokyo,7018,31.941094030473725,Festival,Spring
2023-07-25,Paris,6279,34.5973187503794,Holiday,Spring
2023-08-29,New York,8250,21.332572338612778,Conference,Summer
2023-05-19,Tokyo,4853,24.75366034347212,None,Spring
2023-04-21,Paris,7311,34.56709950061794,None,Summer
2023-07-10,Paris,10448,19.513931051271847,Holiday,Summer
2023-07-13,New York,5942,15.822202025682202,None,Spring
2023-09-08,Paris,3777,7.0088335569893285,None,Winter
2023-11-04,Sydney,7937,30.582070469439074,None,Summer
2023-06-24,Sydney,9925,-3.912744310241486,Holiday,Summer
2023-09-28,London,9444,12.875058071917625,Holiday,Autumn
2023-12-05,New York,8454,19.39711008608388,Conference,Autumn
2023-08-04,New York,9842,23.064098549852126,Conference,Winter
2023-06-17,New York,3051,18.192395102044397,None,Winter
2023-01-13,New York,9697,24.205451092281198,Holiday,Summer
2023-03-30,London,11014,5.10849883238404,Holiday,Summer
2023-01-22,New York,4529,17.948517710021317,None,Winter
2023-04-24,New York,9503,13.372151985082645,Festival,Summer
2023-04-23,London,3647,9.706284918179284,None,Spring
2023-04-07,Sydney,7848,13.147938021405942,Holiday,Winter
2023-02-28,Paris,7342,38.13343951982775,Festival,Spring
2023-07-16,New York,7846,25.410567634926377,Festival,Spring
2023-05-21,London,8520,8.145376464048999,Conference,Spring
2023-05-08,Sydney,7042,10.36241073789389,Holiday,Autumn
2023-07-21,Paris,7241,20.327969954115865,Holiday,Winter
2023-01-17,Tokyo,7075,17.695992857942326,Festival,Spring
2023-03-23,Tokyo,3556,20.962607764033823,None,Autumn
2023-03-12,New York,10119,37.05642942525445,Festival,Summer
2023-01-02,London,8435,11.82598188911279,Festival,Autumn
2023-10-22,New York,8185,19.16615724725707,Conference,Winter
2023-05-28,London,9124,21.146215091999895,Holiday,Summer
2023-11-05,Tokyo,5993,30.076534926003966,Conference,Spring
2023-03-14,Paris,10523,27.779547727927554,Holiday,Autumn
2023-02-28,London,4022,41.55332748190617,None,Spring
2023-11-11,New York,3673,23.906959209281442,None,Autumn
2023-04-08,Paris,9540,6.175400750539081,Holiday,Winter
2023-01-07,Paris,9459,27.57905396111012,Holiday,Winter
2023-10-15,Paris,9171,11.656358210039832,Festival,Spring
2023-09-01,New York,8297,23.50341779228397,Conference,Winter
2023-05-12,Sydney,5475,22.638517010739346,None,Summer
2023-02-10,Tokyo,6871,25.871376842128477,Holiday,Spring
2023-09-02,London,9309,12.162343344136035,Holiday,Summer
2023-03-10,New York,7284,19.328217099506446,Festival,Autumn
2023-11-14,Tokyo,9274,2.8124910713783535,Conference,Winter
2023-05-18,Tokyo,8206,5.995804396692323,Conference,Spring
2023-12-24,Paris,11469,16.063905626514064,Holiday,Summer
2023-04-17,Paris,8362,15.796048776383728,None,Summer
2023-02-27,New York,11272,19.978335467721138,Holiday,Summer
2023-04-24,London,8396,16.03564170568585,None,Summer
2023-03-04,New York,3686,23.966300045993542,None,Spring
2023-05-15,Sydney,8993,29.78924006865424,Festival,Summer
2023-08-30,Paris,7720,17.210370696681913,Festival,Winter
2023-05-13,Paris,8340,27.903718960517114,Holiday,Spring
2023-04-19,London,10779,18.958758457754776,Conference,Summer
2023-08-22,Paris,4533,30.489699425911702,None,Winter
2023-06-02,Sydney,8636,8.5446178200108,Festival,Summer
2023-12-28,Tokyo,7859,30.64876739290238,Holiday,Summer
2023-02-04,Paris,5482,29.218015019772523,None,Spring
2023-11-09,Paris,8534,10.121911654119803,Conference,Winter
2023-02-15,London,11744,21.12104946824517,Holiday,Summer
2023-05-30,Paris,4419,35.72242166519653,None,Spring
2023-05-02,Tokyo,10209,10.270502206833346,Holiday,Summer
2023-08-22,London,9339,14.916106287419318,Festival,Summer
2023-05-07,New York,9556,24.486897683389067,Conference,Spring
2023-12-29,Sydney,8366,25.363778526017036,Conference,Winter
2023-07-14,Tokyo,8648,12.42689486322039,Conference,Autumn
2023-12-20,New York,8056,16.411535830870807,Festival,Winter
2023-08-27,Sydney,4992,27.576628729399758,None,Autumn
2023-10-22,Tokyo,7575,22.91761442533547,Conference,Winter
2023-01-07,Tokyo,7949,17.00323351993213,Conference,Winter
2023-01-17,New York,6888,46.20793091029975,Conference,Winter
2023-04-27,New York,9758,22.806364044901365,Festival,Autumn
2023-11-17,Sydney,9223,19.468793469824547,Festival,Winter
2023-04-28,Paris,10043,33.31756970394554,Festival,Summer
2023-09-28,New York,5926,37.57583772231672,None,Summer
2023-05-26,New York,7912,6.6184093137687725,Holiday,Autumn
2023-12-26,London,10034,23.60679175692996,Holiday,Summer
2023-03-23,Tokyo,4906,12.491946949122593,None,Winter
2023-07-25,New York,8602,5.47204104111654,Festival,Summer
2023-11-27,Tokyo,10651,18.16806081778075,Conference,Summer
2023-03-03,Paris,8248,12.368756117323418,Holiday,Winter
2023-07-26,Paris,5790,34.35435785839352,Holiday,Autumn
2023-11-14,Tokyo,6506,11.990192066822916,None,Autumn
2023-04-02,Paris,9648,9.007717496418564,Holiday,Summer
2023-08-03,New York,8412,25.298806963866447,Holiday,Winter
2023-09-02,Tokyo,7344,36.4053357089237,Festival,Autumn
2023-01-16,New York,8285,30.339251430855576,Holiday,Winter
2023-08-10,London,9609,23.792808718226496,Holiday,Spring
2023-08-06,Tokyo,5926,1.8175956600285232,Holiday,Spring
2023-11-14,Paris,8890,9.08066099604687,Festival,Autumn
2023-06-15,New York,4104,8.244053943751483,None,Spring
2023-06-05,Sydney,6632,24.63206292099123,Festival,Spring
2023-10-05,Tokyo,7625,25.522999376795234,None,Summer
2023-10-06,London,5455,13.585412345685945,None,Spring
2023-09-14,Sydney,8435,23.496500472996935,Festival,Summer
2023-04-30,Tokyo,7677,6.4217753796244565,Festival,Autumn
2023-08-20,Sydney,10275,13.305243749108566,Holiday,Summer
2023-09-21,New York,6823,44.494597989581,Festival,Winter
2023-09-10,Sydney,7865,19.60692712372369,Conference,Winter
2023-10-31,Sydney,10629,33.34903247843444,Festival,Summer
2023-07-02,New York,8659,18.71814530414233,Conference,Spring
2023-05-05,Tokyo,6397,21.93569399253578,None,Summer
2023-01-19,New York,6928,22.337471764229104,Festival,Spring
2023-02-17,New York,8601,5.130640274728824,Holiday,Summer
2023-01-28,Sydney,8642,-5.171431420962449,Conference,Summer
2023-02-19,London,4938,27.01849285492093,None,Spring
2023-01-14,New York,9058,15.623917432430337,Conference,Autumn
2023-07-01,Tokyo,8652,22.020546160256462,Conference,Autumn
2023-12-09,Paris,10354,36.083893113571925,Conference,Summer
2023-11-23,London,10236,6.791762261210428,Conference,Winter
2023-05-22,Tokyo,9330,25.230790040023944,Festival,Autumn
2023-02-12,London,8266,25.896095466920272,Festival,Autumn
2023-06-05,Tokyo,3848,22.41321934916781,None,Spring
2023-08-18,Tokyo,9573,37.5547569831549,Festival,Autumn
2023-10-26,London,4850,11.925645985303854,None,Autumn
2023-05-08,London,8799,23.319425566668638,Conference,Autumn
2023-01-07,Sydney,11492,9.869704903898501,Conference,Summer
2023-08-03,Paris,10074,22.88653930807484,Conference,Summer
2023-09-21,Sydney,7803,14.835703561124284,Festival,Spring
2023-04-29,London,4253,17.941405691196596,None,Winter
2023-03-12,London,7961,13.215145949749207,Festival,Spring
2023-08-04,Tokyo,5462,32.31984471269636,Holiday,Autumn
2023-10-20,Paris,7537,2.9778673391998858,Holiday,Autumn
2023-12-26,New York,7238,9.850651936903583,Holiday,Spring
2023-03-01,Tokyo,8861,33.69254797421876,Holiday,Summer
2023-02-05,Sydney,8286,21.99297309992064,Festival,Spring
2023-06-15,Tokyo,11500,28.51069214020614,Conference,Summer
2023-07-09,Sydney,9008,12.9444590822175,Festival,Autumn
2023-12-21,London,7975,11.533537511336379,Holiday,Autumn
2023-09-04,Tokyo,7364,18.832340842047532,Conference,Winter
2023-09-22,Sydney,8020,22.18075508652724,Holiday,Winter
2023-04-16,Sydney,8845,17.211166058492434,Holiday,Winter
2023-08-07,Sydney,6704,19.475955494225307,None,Spring
2023-02-07,New York,7737,22.052668936010846,Conference,Autumn
2023-10-22,London,7031,29.253980907967243,None,Summer
2023-12-31,Paris,5074,37.29114768069534,None,Winter
2023-07-07,Tokyo,7918,23.938875948105785,Conference,Spring
2023-03-13,Paris,7598,13.302681675116064,Holiday,Winter
2023-04-30,London,9173,19.69420980496533,Festival,Winter
2023-09-03,Tokyo,9873,33.81783897451939,Festival,Autumn
2023-09-04,Paris,8738,16.95195910482261,Festival,Spring
2023-11-11,Sydney,6022,25.199990757978107,None,Summer
2023-10-14,Sydney,7113,11.61414201552769,Holiday,Spring
2023-01-13,Sydney,11228,25.348173363459104,Festival,Summer
2023-07-24,Paris,7415,-0.8702701860206865,Holiday,Spring
2023-09-30,Tokyo,8181,27.01255559176727,Festival,Autumn
2023-04-21,New York,9518,28.645299085407952,Conference,Winter
2023-09-03,Tokyo,7168,23.5973676435746,None,Summer
2023-08-09,Tokyo,5869,21.412571400874633,Conference,Winter
2023-04-26,Paris,8314,15.670991812148529,Festival,Autumn
2023-06-29,Paris,8757,26.492287903050983,Holiday,Winter
2023-07-27,Paris,7807,35.31899916544545,Conference,Autumn
2023-03-13,New York,7512,32.21235660066961,Holiday,Spring
2023-07-09,New York,9553,23.25014136256542,Conference,Summer
2023-08-09,Sydney,8668,18.244360545007844,Holiday,Winter
2023-04-12,Sydney,7860,11.660156458005329,Holiday,Winter
2023-08-15,New York,10195,25.054042734309974,Holiday,Summer
2023-06-05,New York,9146,8.277395471085,Festival,Winter
2023-02-07,Sydney,10955,11.107591717716756,Holiday,Summer
2023-10-26,London,6472,28.76046792529794,None,Spring
2023-03-24,Tokyo,7179,15.714999951779147,Conference,Autumn
2023-10-11,Paris,8229,20.19154915057859,Festival,Spring
2023-07-27,Tokyo,6852,23.240570282215607,Festival,Autumn
2023-05-22,Sydney,8009,3.509665646506935,Conference,Winter
2023-04-28,Tokyo,8853,6.863848539209336,Festival,Winter
2023-07-30,New York,6478,18.04321441123048,None,Autumn
2023-04-15,Sydney,8443,27.270800204509538,Festival,Autumn
2023-12-06,London,8893,31.356201471829444,Holiday,Summer
2023-05-09,Paris,8616,21.453458027506347,Festival,Spring
2023-12-06,Paris,6697,19.434602560182658,Festival,Autumn
2023-10-21,Sydney,8375,27.80342811616446,Festival,Summer
2023-10-29,Paris,6991,21.22843438540198,Holiday,Winter
2023-04-23,New York,9251,28.521788848080185,Holiday,Autumn
2023-01-18,Sydney,8809,39.09418652293493,Conference,Autumn
2023-02-09,Tokyo,4284,28.14169483332352,None,Spring
2023-08-25,Sydney,7602,35.16394055253573,None,Summer
2023-07-07,New York,8077,10.480815399777644,Conference,Spring
2023-03-31,Sydney,9844,23.341764172448976,Holiday,Summer
2023-08-08,Tokyo,4580,14.254530238661207,None,Spring
2023-01-31,London,8125,4.9512400717087335,Holiday,Winter
2023-04-11,Paris,6028,1.3445489892187759,None,Winter
2023-12-01,Paris,8189,21.408429665574154,Festival,Spring
2023-07-09,Paris,5167,4.806539245231576,Festival,Winter
2023-09-19,New York,7536,32.00261749738829,Festival,Spring
2023-11-06,Sydney,6611,1.3025830030457932,None,Summer
2023-06-12,London,5449,21.90423889925058,None,Spring
2023-08-05,Tokyo,7341,-4.883273534129895,Conference,Spring
2023-07-17,New York,8446,20.589842215895974,Festival,Autumn
2023-01-14,Sydney,8389,20.759205342594868,Holiday,Summer
2023-03-04,New York,11345,30.318679825348305,Holiday,Summer
2023-04-10,New York,8427,24.033003902452815,Festival,Autumn
2023-11-13,Sydney,7711,15.347831333819197,Conference,Winter
2023-10-15,London,9286,31.57346311723567,Festival,Winter
2023-08-27,London,7461,15.617408826214383,Conference,Autumn
2023-12-18,Sydney,7368,17.152330224628038,Conference,Spring
2023-09-28,New York,6503,28.94049597324794,None,Summer
2023-03-12,London,11429,33.704096939838664,Conference,Summer
2023-10-13,Tokyo,5884,8.337621061406939,Festival,Spring
2023-06-22,Sydney,7627,22.542582797409963,Festival,Spring
2023-01-06,Tokyo,5335,43.50205800005722,Conference,Spring
2023-08-17,Tokyo,7914,17.743432967819313,Festival,Autumn
2023-11-19,Tokyo,9307,35.07633558913684,Conference,Summer
2023-08-02,New York,4525,33.46669723754866,None,Spring
2023-09-24,Sydney,9663,20.73434519241119,Festival,Summer
2023-03-28,Paris,4376,10.365224622648066,None,Spring
2023-07-21,New York,5296,18.95286741374662,Conference,Winter
2023-08-03,Paris,6790,16.99140252859174,Festival,Autumn
2023-01-25,Tokyo,7244,18.057308680214806,Festival,Spring
2023-05-07,Paris,7047,15.39982838973705,Festival,Winter
2023-09-23,New York,9105,9.214629274880032,Conference,Summer
2023-03-05,Tokyo,4893,14.060968279796977,None,Autumn
2023-11-27,Paris,10671,24.33885480001643,Festival,Summer
2023-05-24,Paris,7962,19.10765845778551,Conference,Autumn
2023-03-17,London,8443,20.413256322706186,Holiday,Winter
2023-11-11,New York,9732,24.734718990352285,Conference,Summer
2023-03-04,London,5470,24.322629506341556,None,Autumn
2023-09-10,Paris,7103,18.893346314426704,Holiday,Autumn
2023-12-15,London,6777,10.67887253543731,Festival,Winter
2023-03-12,Sydney,8916,28.04501055948959,Holiday,Autumn
2023-08-16,London,7313,33.28640828248231,None,Summer
2023-01-27,London,9274,11.640051584037167,Holiday,Winter
2023-08-12,Tokyo,7584,19.033763299851103,Festival,Winter
2023-02-03,Sydney,8906,7.3585586497233795,Festival,Summer
2023-11-25,New York,8854,27.613055634094525,Festival,Summer
2023-05-28,Paris,10081,24.678267252359582,Holiday,Autumn
2023-10-05,Tokyo,2046,22.458968269129045,None,Autumn
2023-03-09,New York,7297,32.40879572046903,Festival,Spring
2023-12-07,Sydney,7935,3.152993060141746,Conference,Summer
2023-07-13,London,5010,42.260188857666904,None,Autumn
2023-09-02,New York,7429,25.55588684668937,None,Autumn
2023-04-05,Paris,7275,26.63447729151511,Conference,Winter
2023-04-16,London,8451,29.003985883950634,Conference,Autumn
2023-01-12,New York,9523,36.67224111551137,Conference,Spring
2023-05-24,Tokyo,7475,3.4337679232222627,Festival,Autumn
2023-10-08,Sydney,8405,18.389384969861982,Holiday,Spring
2023-12-27,Tokyo,7609,8.351890606613965,None,Summer
2023-07-04,London,6765,23.67170160233434,Conference,Spring
2023-01-12,Paris,9911,9.291475813155612,Festival,Autumn
2023-05-04,London,6745,30.074439731951983,Festival,Autumn
2023-03-19,Tokyo,8937,21.847104747810832,Conference,Winter
2023-05-05,Sydney,7202,21.963044169243553,Festival,Spring
2023-06-11,Tokyo,7266,24.41307151699246,Festival,Autumn
2023-01-22,Sydney,9058,26.386601686431025,Holiday,Autumn
2023-06-13,London,7287,11.189316633387078,Festival,Spring
2023-05-29,New York,6754,31.650321048394574,Conference,Spring
2023-05-22,Sydney,10287,12.398105510379136,Festival,Summer
2023-12-09,New York,6095,25.839549948781336,Conference,Spring
2023-04-20,Sydney,12765,26.08407753799226,Holiday,Summer
2023-11-22,Paris,8654,14.597469966642327,Festival,Summer
2023-05-09,London,8327,19.34485490941268,Conference,Autumn
2023-02-23,Tokyo,8977,19.096259688815586,Conference,Autumn
2023-02-27,Sydney,6054,36.763930272082035,None,Summer
2023-11-22,Sydney,7235,33.48147848606971,Conference,Autumn
2023-07-16,New York,8471,4.22297908367141,Holiday,Autumn
2023-06-16,London,11096,26.795122540794104,Festival,Summer
2023-03-27,London,8349,30.452510148730774,Conference,Autumn
2023-07-30,London,8195,1.934120275311109,Festival,Autumn
2023-10-26,Sydney,4095,21.961314590239073,None,Autumn
2023-09-24,Tokyo,8756,20.405984761562987,Conference,Spring
2023-10-02,London,5238,28.36328719335456,None,Spring
2023-08-20,New York,8749,30.107021645861103,Festival,Autumn
2023-05-20,New York,7220,37.273039250619576,None,Summer
2023-07-27,Paris,5871,14.850407406793096,None,Winter
2023-04-26,London,11590,17.156153503934906,Holiday,Summer
2023-01-11,London,4659,14.806036281738734,None,Spring
2023-01-28,New York,6834,14.06188591931295,None,Summer
2023-12-19,London,7277,19.988532109245362,Festival,Spring
2023-07-27,London,3644,2.0610750213210984,None,Winter
2023-02-16,Sydney,8177,14.74120324104796,Festival,Autumn
2023-03-28,Paris,8131,24.004813865063287,Conference,Spring
2023-06-18,Tokyo,6807,34.50927548279212,None,Spring
2023-08-18,New York,4035,17.201896576229938,None,Autumn
2023-01-04,Paris,8689,10.083395573663344,Conference,Autumn
2023-03-12,Tokyo,5919,1.5395174955594442,None,Winter
2023-10-19,Tokyo,9693,28.80714388006484,Conference,Autumn
2023-05-26,London,4924,19.26027136405622,None,Autumn
2023-07-06,London,5260,0.08677952619789409,None,Winter
2023-02-08,Paris,7168,19.541387406309784,Festival,Autumn
2023-04-18,London,8898,12.932702364807604,Holiday,Spring
2023-09-10,Paris,8420,35.41672811796367,Festival,Summer
2023-06-01,New York,8126,26.820694900626314,Festival,Winter
2023-09-06,Tokyo,7596,13.250659812094478,Festival,Winter
2023-09-28,Tokyo,7852,14.498847170634612,Conference,Autumn
2023-09-16,New York,8226,23.642502122229892,Holiday,Spring
2023-12-30,New York,9730,6.26000452576694,Festival,Summer
2023-07-15,Paris,5733,19.429033891639467,None,Spring
2023-07-04,Sydney,10576,20.517838511989535,Conference,Summer
2023-08-12,London,9981,15.908833863447487,Conference,Summer
2023-05-30,Sydney,8588,21.4098269961206,None,Summer
2023-11-26,New York,9195,18.884911728570565,Festival,Summer
2023-12-05,Tokyo,4864,14.617638140088456,None,Autumn
2023-04-21,Sydney,8575,16.561178051873373,Conference,Winter
2023-05-02,London,12750,30.555446021319753,Holiday,Summer
2023-07-14,Paris,6663,21.752867789339238,Festival,Autumn
2023-01-01,Tokyo,10820,15.120066837927748,Holiday,Summer
2023-11-02,London,5744,26.451691253728182,None,Winter
2023-11-30,Paris,4632,21.588771209911524,None,Autumn
2023-01-25,Tokyo,4498,17.374596767179384,None,Spring
2023-11-11,London,6581,18.410642646712187,None,Summer
2023-06-09,Paris,8507,21.103896391076972,Holiday,Autumn
2023-10-07,Sydney,6040,26.20747555279424,None,Winter
2023-10-28,Tokyo,11447,16.765690704509808,Conference,Summer
2023-04-21,Paris,10907,15.377427199191485,Conference,Summer
2023-01-26,Sydney,6297,4.727043095721907,Holiday,Autumn
2023-08-02,New York,9599,14.459447065872162,Holiday,Spring
2023-07-06,Paris,10282,23.39723859374757,Holiday,Summer
2023-06-26,Sydney,6930,17.498121667928373,Conference,Spring
2023-03-21,Sydney,8103,13.32692332645618,Conference,Spring
2023-01-28,New York,3826,14.18217966607946,None,Autumn
2023-03-05,New York,10132,26.521218714555364,Conference,Summer
2023-05-26,Paris,3996,13.83547654698953,None,Winter
2023-03-29,New York,8330,18.165127570014928,Holiday,Summer
2023-12-06,New York,9778,26.148413973029733,Conference,Spring
2023-10-14,Sydney,10441,17.378548561320944,Holiday,Spring
2023-12-09,London,6525,38.09514918518607,Festival,Winter
2023-01-25,Tokyo,4967,1.5992225549424717,None,Spring
2023-02-07,Sydney,10112,13.284378994157374,Festival,Summer
2023-01-19,Tokyo,4671,11.105512507604518,None,Autumn
2023-02-04,Paris,5184,29.3620900957995,None,Autumn
2023-08-14,Sydney,9561,35.58798069497889,Conference,Summer
2023-11-25,Paris,7596,16.165389542423465,Conference,Spring
2023-12-26,Tokyo,6331,41.24771403016962,None,Spring
2023-05-02,Paris,8094,5.108535821008717,Conference,Autumn
2023-03-29,London,6480,4.110527170838905,None,Winter
2023-06-17,Paris,4091,9.703337717205564,None,Winter
2023-05-23,New York,9259,29.894420782883124,Holiday,Winter
2023-03-20,Tokyo,10674,11.66363855091548,Festival,Summer
2023-04-15,New York,7772,23.36144963026229,Conference,Autumn
2023-04-27,New York,7000,40.49812095785926,None,Summer
2023-03-15,London,6081,12.201470537783612,None,Autumn
2023-11-08,London,10111,20.34027411072232,Conference,Summer
2023-05-31,Sydney,8734,26.928557558178117,Festival,Spring
2023-03-30,Tokyo,8485,19.250440349905993,Holiday,Autumn
2023-08-08,Tokyo,9625,10.057232883110457,Festival,Summer
2023-03-16,London,3581,14.986307283321816,None,Autumn
2023-11-14,Paris,8266,24.21546083536561,Conference,Autumn
2023-07-02,Paris,10056,18.09842056261272,Festival,Summer
2023-11-01,Paris,7403,28.018309825449194,Conference,Autumn
2023-07-29,London,7087,49.20752565885881,Holiday,Autumn
2023-06-22,Sydney,10882,12.993473456554453,Conference,Summer
2023-01-06,Tokyo,11229,8.656036172935103,Festival,Summer
2023-12-03,New York,7271,16.399607312430174,Conference,Spring
2023-03-16,Sydney,8340,18.711008158818103,Conference,Spring
2023-07-03,New York,8338,18.57853463059454,Conference,Autumn
2023-02-28,Paris,5177,12.398269448847795,None,Winter
2023-07-15,New York,11806,17.962728719584018,Conference,Summer
2023-08-18,London,7978,25.391441179501502,None,Summer
2023-06-27,London,3064,17.703427312715704,None,Winter
2023-02-17,New York,9057,32.18194711754256,Conference,Autumn
2023-04-05,Paris,6988,23.140316243536702,Holiday,Autumn
2023-07-25,Tokyo,10187,20.727246274032876,Conference,Summer
2023-10-19,New York,8347,20.601369779682923,Conference,Spring
2023-09-13,London,5221,19.39082167229217,None,Winter
2023-08-24,Paris,6740,18.58330214643396,Festival,Winter
2023-07-11,Sydney,7360,18.48974046152947,Festival,Winter
2023-07-28,Sydney,6745,4.465722015332073,None,Spring
2023-03-26,Sydney,7515,25.102276451696074,Festival,Winter
2023-05-02,Paris,7542,22.023268148841414,None,Summer
2023-12-16,Paris,6877,27.931756882186775,None,Summer
2023-01-16,New York,3651,16.294172375992172,None,Winter
2023-07-04,Tokyo,8521,12.853193230095682,Conference,Winter
2023-09-08,Paris,8740,18.800587263735274,Conference,Spring
2023-08-04,London,3510,7.665024160550967,None,Autumn
2023-02-01,Paris,7546,18.935121168194527,Festival,Autumn
2023-01-18,Sydney,5568,29.607021407191944,None,Winter
2023-03-20,Tokyo,9977,22.77358461964676,Festival,Summer
2023-09-05,Tokyo,8823,11.869856277398702,Conference,Spring
2023-07-12,London,6303,10.246339727217501,None,Spring
2023-09-08,London,6883,21.155979970637205,Conference,Spring
2023-03-24,Paris,8771,1.6885512166164993,Holiday,Summer
2023-01-22,New York,7913,-0.7558800907853325,Festival,Autumn
2023-04-08,Paris,9673,18.49679539728128,Festival,Summer
2023-09-30,Paris,10444,22.33092652514787,Festival,Summer
2023-02-26,London,6709,19.076586370081476,Conference,Spring
2023-10-04,Sydney,5225,12.060633258951661,Holiday,Autumn
2023-01-26,London,7109,13.60769438719868,Holiday,Winter
2023-12-01,Tokyo,2766,29.327436083455787,None,Spring
2023-11-23,New York,6638,17.648736674508882,Festival,Spring
2023-05-20,Paris,3804,21.634054740224038,None,Autumn
2023-07-17,New York,7905,14.96495838112701,Festival,Spring
2023-12-01,London,11060,29.015512565747645,Festival,Summer
2023-02-24,New York,4450,24.034689181079173,None,Winter
2023-04-07,Sydney,8487,8.238266634452193,Conference,Spring
2023-02-03,Paris,5480,31.818910929599618,None,Winter
2023-04-15,Paris,8216,25.39473373693372,Festival,Winter
2023-01-10,Tokyo,9181,15.569051260439293,Festival,Spring
2023-07-28,Paris,6975,12.187032931769416,Conference,Spring
2023-07-23,Paris,8977,28.01514318877009,Conference,Autumn
2023-11-16,New York,8801,16.72058079732641,Festival,Spring
2023-08-03,London,9147,8.90047162963751,Holiday,Spring
2023-03-15,Paris,6616,13.958323966841455,Holiday,Winter
2023-12-10,Paris,7954,9.387064682885182,Holiday,Winter
2023-05-17,London,4192,26.627258265192665,None,Winter
2023-05-29,Tokyo,9414,35.452571697547434,None,Summer
2023-10-01,Tokyo,8595,17.537578780512824,Holiday,Autumn
2023-03-14,Paris,7824,20.007101215659635,Conference,Winter
2023-02-16,New York,3010,19.91431711989234,None,Autumn
2023-09-04,New York,7871,39.533032557459904,Holiday,Spring
2023-06-23,London,8462,15.652250702663984,Festival,Winter
2023-10-25,New York,8582,26.928575842374368,Holiday,Winter
2023-11-15,New York,8001,16.06947242938599,None,Summer
2023-11-04,London,8710,33.93454527524432,Festival,Winter
2023-07-08,Paris,4057,36.69069525826331,None,Winter
2023-07-19,Sydney,12351,16.11255174794218,Holiday,Summer
2023-03-12,Paris,7078,22.296414163898696,Conference,Spring
2023-06-10,Tokyo,4743,11.558833828338743,None,Winter
2023-03-09,Sydney,8454,32.27151674122793,Conference,Spring
2023-02-18,London,8682,42.642581279377794,Holiday,Spring
2023-04-08,London,3812,27.526823152860572,None,Spring
2023-09-11,London,7927,39.0780878898128,Holiday,Spring
2023-04-10,New York,8196,14.286257475827231,Holiday,Spring
2023-07-11,London,7450,30.080040042932595,Festival,Spring
2023-08-10,Sydney,9912,31.64583471201948,Holiday,Summer
2023-09-19,London,6855,20.9697017676085,None,Summer
2023-03-10,New York,10736,25.388312227920586,Holiday,Summer
2023-06-30,Sydney,7272,15.679562350258657,Conference,Winter
2023-06-03,Sydney,5835,25.074543382865404,None,Autumn
2023-04-16,Sydney,10768,20.493083315202227,Conference,Summer
2023-08-26,Tokyo,8363,13.917734925552407,Festival,Winter
2023-08-11,New York,9011,30.330749845985153,Holiday,Winter
2023-05-01,London,5583,11.65686925959428,None,Spring
2023-05-05,New York,9337,4.138983411780366,Conference,Summer
2023-05-04,Sydney,8763,14.08883262615291,Festival,Autumn
2023-10-19,Sydney,8021,31.651237398201346,Holiday,Spring
2023-08-30,Sydney,5861,17.543347240405964,None,Spring
2023-05-09,Tokyo,7453,19.70258345844616,Festival,Spring
2023-02-13,Tokyo,9729,20.292514797018754,Festival,Summer
2023-08-30,New York,8472,20.180168720444467,Holiday,Spring
2023-12-07,Paris,7370,-7.043916316027751,Conference,Spring
2023-08-08,Paris,7464,27.177934951238125,Holiday,Autumn
2023-02-01,Tokyo,4787,31.77544724769586,None,Spring
2023-01-18,Paris,8323,30.00662705158344,Festival,Winter
2023-09-03,Tokyo,7681,13.213569387058968,Festival,Spring
2023-06-21,Sydney,8802,35.98538112096341,Conference,Spring
